{
  "meta": {
    "generatedAt": "2025-11-13T05:05:24.170Z"
  },
  "places": [
    {
      "district": "Ariyalur",
      "name": "Ariyalur",
      "display_name": "Ariyalur, Tamil Nadu, 621704, India",
      "lat": "11.1357708",
      "lon": "79.0723203",
      "raw_addr": {
        "town": "Ariyalur",
        "county": "Ariyalur",
        "state_district": "Ariyalur",
        "state": "Tamil Nadu",
        "ISO3166-2-lvl4": "IN-TN",
        "postcode": "621704",
        "country": "India",
        "country_code": "in"
      }
    },
    {
      "district": "Ariyalur",
      "name": "Udayarpalayam",
      "display_name": "Udayarpalayam, Ariyalur, Tamil Nadu, India",
      "lat": "11.1588136",
      "lon": "79.3444131",
      "raw_addr": {
        "county": "Udayarpalayam",
        "state_district": "Ariyalur",
        "state": "Tamil Nadu",
        "ISO3166-2-lvl4": "IN-TN",
        "country": "India",
        "country_code": "in"
      }
    },
    {
      "district": "Ariyalur",
      "name": "Sendurai",
      "display_name": "Sendurai, Ariyalur, Tamil Nadu, India",
      "lat": "11.2720092",
      "lon": "79.1865576",
      "raw_addr": {
        "county": "Sendurai",
        "state_district": "Ariyalur",
        "state": "Tamil Nadu",
        "ISO3166-2-lvl4": "IN-TN",
        "country": "India",
        "country_code": "in"
      }
    },
    {
      "district": "Chengalpattu",
      "name": "Chengalpattu",
      "display_name": "Chengalpattu, Tamil Nadu, 603001, India",
      "lat": "12.6840886",
      "lon": "79.9836371",
      "raw_addr": {
        "town": "Chengalpattu",
        "county": "Chengalpattu",
        "state_district": "Chengalpattu",
        "state": "Tamil Nadu",
        "ISO3166-2-lvl4": "IN-TN",
        "postcode": "603001",
        "country": "India",
        "country_code": "in"
      }
    },
    {
      "district": "Chengalpattu",
      "name": "Tambaram",
      "display_name": "Tambaram, Tambaram Railway Station West Entrance, Tambaram, Chengalpattu, Tamil Nadu, 600045, India",
      "lat": "12.9257923",
      "lon": "80.1179194",
      "raw_addr": {
        "railway": "Tambaram",
        "road": "Tambaram Railway Station West Entrance",
        "city": "Tambaram",
        "county": "Tambaram",
        "state_district": "Chengalpattu",
        "state": "Tamil Nadu",
        "ISO3166-2-lvl4": "IN-TN",
        "postcode": "600045",
        "country": "India",
        "country_code": "in"
      }
    },
    {
      "district": "Chengalpattu",
      "name": "Pallavaram",
      "display_name": "Pallavaram, Chengalpattu, Tamil Nadu, 600043, India",
      "lat": "12.9654669",
      "lon": "80.1451178",
      "raw_addr": {
        "suburb": "Pallavaram",
        "county": "Pallavaram",
        "state_district": "Chengalpattu",
        "state": "Tamil Nadu",
        "ISO3166-2-lvl4": "IN-TN",
        "postcode": "600043",
        "country": "India",
        "country_code": "in"
      }
    },
    {
      "district": "Chennai",
      "name": "Chennai",
      "display_name": "Chennai Corporation, Chennai, Tamil Nadu, India",
      "lat": "13.0836939",
      "lon": "80.2701860",
      "raw_addr": {
        "city": "Chennai Corporation",
        "state_district": "Chennai",
        "state": "Tamil Nadu",
        "ISO3166-2-lvl4": "IN-TN",
        "country": "India",
        "country_code": "in"
      }
    },
    {
      "district": "Chennai",
      "name": "Guindy",
      "display_name": "Guindy, Anna Salai (Mount Road), CMWSSB Division 160, Ward 160, Zone 12 Alandur, Chennai Corporation, Alandur, Chennai, Tamil Nadu, 600032, India",
      "lat": "13.0086685",
      "lon": "80.2126063",
      "raw_addr": {
        "railway": "Guindy",
        "road": "Anna Salai (Mount Road)",
        "neighbourhood": "CMWSSB Division 160",
        "suburb": "Ward 160",
        "city_district": "Zone 12 Alandur",
        "city": "Chennai Corporation",
        "county": "Alandur",
        "state_district": "Chennai",
        "state": "Tamil Nadu",
        "ISO3166-2-lvl4": "IN-TN",
        "postcode": "600032",
        "country": "India",
        "country_code": "in"
      }
    },
    {
      "district": "Chennai",
      "name": "Teynampet",
      "display_name": "Zone 9 Teynampet, Chennai Corporation, Chennai, Tamil Nadu, India",
      "lat": "13.0443237",
      "lon": "80.2498455",
      "raw_addr": {
        "suburb": "Zone 9 Teynampet",
        "city": "Chennai Corporation",
        "state_district": "Chennai",
        "state": "Tamil Nadu",
        "ISO3166-2-lvl4": "IN-TN",
        "country": "India",
        "country_code": "in"
      }
    },
    {
      "district": "Chennai",
      "name": "Kodambakkam",
      "display_name": "Zone 10 Kodambakkam, Chennai Corporation, Chennai, Tamil Nadu, India",
      "lat": "13.0492070",
      "lon": "80.2242829",
      "raw_addr": {
        "suburb": "Zone 10 Kodambakkam",
        "city": "Chennai Corporation",
        "state_district": "Chennai",
        "state": "Tamil Nadu",
        "ISO3166-2-lvl4": "IN-TN",
        "country": "India",
        "country_code": "in"
      }
    },
    {
      "district": "Coimbatore",
      "name": "Coimbatore",
      "display_name": "Coimbatore, Coimbatore North, Coimbatore, Tamil Nadu, 641001, India",
      "lat": "11.0018115",
      "lon": "76.9628425",
      "raw_addr": {
        "city": "Coimbatore",
        "county": "Coimbatore North",
        "state_district": "Coimbatore",
        "state": "Tamil Nadu",
        "ISO3166-2-lvl4": "IN-TN",
        "postcode": "641001",
        "country": "India",
        "country_code": "in"
      }
    },
    {
      "district": "Coimbatore",
      "name": "Pollachi",
      "display_name": "Pollachi, Coimbatore, Tamil Nadu, 642001, India",
      "lat": "10.6588234",
      "lon": "77.0087300",
      "raw_addr": {
        "town": "Pollachi",
        "county": "Pollachi",
        "state_district": "Coimbatore",
        "state": "Tamil Nadu",
        "ISO3166-2-lvl4": "IN-TN",
        "postcode": "642001",
        "country": "India",
        "country_code": "in"
      }
    },
    {
      "district": "Coimbatore",
      "name": "Mettupalayam",
      "display_name": "Mettuppalayam, Mettupalayam, Coimbatore, Tamil Nadu, 641301, India",
      "lat": "11.3059363",
      "lon": "76.9356545",
      "raw_addr": {
        "town": "Mettuppalayam",
        "county": "Mettupalayam",
        "state_district": "Coimbatore",
        "state": "Tamil Nadu",
        "ISO3166-2-lvl4": "IN-TN",
        "postcode": "641301",
        "country": "India",
        "country_code": "in"
      }
    },
    {
      "district": "Cuddalore",
      "name": "Cuddalore",
      "display_name": "Cuddalore, Tamil Nadu, 607002, India",
      "lat": "11.7426938",
      "lon": "79.7503064",
      "raw_addr": {
        "town": "Cuddalore",
        "county": "Cuddalore",
        "state_district": "Cuddalore",
        "state": "Tamil Nadu",
        "ISO3166-2-lvl4": "IN-TN",
        "postcode": "607002",
        "country": "India",
        "country_code": "in"
      }
    },
    {
      "district": "Cuddalore",
      "name": "Panruti",
      "display_name": "Panruti, Cuddalore, Tamil Nadu, 607106, India",
      "lat": "11.7722823",
      "lon": "79.5518978",
      "raw_addr": {
        "town": "Panruti",
        "county": "Panruti",
        "state_district": "Cuddalore",
        "state": "Tamil Nadu",
        "ISO3166-2-lvl4": "IN-TN",
        "postcode": "607106",
        "country": "India",
        "country_code": "in"
      }
    },
    {
      "district": "Cuddalore",
      "name": "Chidambaram",
      "display_name": "Chidambaram, Railway Feeder Road, Chidambaram, Cuddalore, Tamil Nadu, 608001, India",
      "lat": "11.3920706",
      "lon": "79.7030250",
      "raw_addr": {
        "railway": "Chidambaram",
        "road": "Railway Feeder Road",
        "town": "Chidambaram",
        "county": "Chidambaram",
        "state_district": "Cuddalore",
        "state": "Tamil Nadu",
        "ISO3166-2-lvl4": "IN-TN",
        "postcode": "608001",
        "country": "India",
        "country_code": "in"
      }
    },
    {
      "district": "Dharmapuri",
      "name": "Dharmapuri",
      "display_name": "Dharmapuri, Tamil Nadu, 636700, India",
      "lat": "12.1347988",
      "lon": "78.1589864",
      "raw_addr": {
        "city": "Dharmapuri",
        "county": "Dharmapuri",
        "state_district": "Dharmapuri",
        "state": "Tamil Nadu",
        "ISO3166-2-lvl4": "IN-TN",
        "postcode": "636700",
        "country": "India",
        "country_code": "in"
      }
    },
    {
      "district": "Dharmapuri",
      "name": "Palacode",
      "display_name": "Palacode, Palakkodu, Dharmapuri, Tamil Nadu, 636808, India",
      "lat": "12.3041231",
      "lon": "78.0728817",
      "raw_addr": {
        "town": "Palacode",
        "county": "Palakkodu",
        "state_district": "Dharmapuri",
        "state": "Tamil Nadu",
        "ISO3166-2-lvl4": "IN-TN",
        "postcode": "636808",
        "country": "India",
        "country_code": "in"
      }
    },
    {
      "district": "Dharmapuri",
      "name": "Pennagaram",
      "display_name": "Pennagaram, Dharmapuri, Tamil Nadu, India",
      "lat": "12.1125277",
      "lon": "77.8677247",
      "raw_addr": {
        "county": "Pennagaram",
        "state_district": "Dharmapuri",
        "state": "Tamil Nadu",
        "ISO3166-2-lvl4": "IN-TN",
        "country": "India",
        "country_code": "in"
      }
    },
    {
      "district": "Dindigul",
      "name": "Dindigul",
      "display_name": "Dindigul, Tamil Nadu, 624001, India",
      "lat": "10.3656460",
      "lon": "77.9693256",
      "raw_addr": {
        "city": "Dindigul",
        "county": "Dindigul",
        "state_district": "Dindigul",
        "state": "Tamil Nadu",
        "ISO3166-2-lvl4": "IN-TN",
        "postcode": "624001",
        "country": "India",
        "country_code": "in"
      }
    },
    {
      "district": "Dindigul",
      "name": "Oddanchatram",
      "display_name": "Oddanchatram, Palani-Dindigul Road, Oddanchatram, Dindigul, Tamil Nadu, 624619, India",
      "lat": "10.4851135",
      "lon": "77.7460054",
      "raw_addr": {
        "railway": "Oddanchatram",
        "road": "Palani-Dindigul Road",
        "town": "Oddanchatram",
        "county": "Oddanchatram",
        "state_district": "Dindigul",
        "state": "Tamil Nadu",
        "ISO3166-2-lvl4": "IN-TN",
        "postcode": "624619",
        "country": "India",
        "country_code": "in"
      }
    },
    {
      "district": "Dindigul",
      "name": "Palani",
      "display_name": "Palani, Dindigul, Tamil Nadu, 624600, India",
      "lat": "10.4511094",
      "lon": "77.5154495",
      "raw_addr": {
        "town": "Palani",
        "county": "Palani",
        "state_district": "Dindigul",
        "state": "Tamil Nadu",
        "ISO3166-2-lvl4": "IN-TN",
        "postcode": "624600",
        "country": "India",
        "country_code": "in"
      }
    },
    {
      "district": "Erode",
      "name": "Erode",
      "display_name": "Erode, Tamil Nadu, 638001, India",
      "lat": "11.3306483",
      "lon": "77.7276519",
      "raw_addr": {
        "city": "Erode",
        "county": "Erode",
        "state_district": "Erode",
        "state": "Tamil Nadu",
        "ISO3166-2-lvl4": "IN-TN",
        "postcode": "638001",
        "country": "India",
        "country_code": "in"
      }
    },
    {
      "district": "Erode",
      "name": "Perundurai",
      "display_name": "Perundurai, Perundurai R.S. - Arachalur Road, Kuttapalayam, Perundurai, Erode, Tamil Nadu, 638112, India",
      "lat": "11.2539029",
      "lon": "77.6288316",
      "raw_addr": {
        "railway": "Perundurai",
        "road": "Perundurai R.S. - Arachalur Road",
        "village": "Kuttapalayam",
        "county": "Perundurai",
        "state_district": "Erode",
        "state": "Tamil Nadu",
        "ISO3166-2-lvl4": "IN-TN",
        "postcode": "638112",
        "country": "India",
        "country_code": "in"
      }
    },
    {
      "district": "Erode",
      "name": "Gobichettipalayam",
      "display_name": "Gobichettipalayam, Erode, Tamil Nadu, 638476, India",
      "lat": "11.4551821",
      "lon": "77.4350666",
      "raw_addr": {
        "town": "Gobichettipalayam",
        "county": "Gobichettipalayam",
        "state_district": "Erode",
        "state": "Tamil Nadu",
        "ISO3166-2-lvl4": "IN-TN",
        "postcode": "638476",
        "country": "India",
        "country_code": "in"
      }
    },
    {
      "district": "Kallakurichi",
      "name": "Kallakurichi",
      "display_name": "Kallakurichi, Kallakkurichi, Kallakurichi, Tamil Nadu, 606200, India",
      "lat": "11.7406259",
      "lon": "78.9637131",
      "raw_addr": {
        "town": "Kallakurichi",
        "county": "Kallakkurichi",
        "state_district": "Kallakurichi",
        "state": "Tamil Nadu",
        "ISO3166-2-lvl4": "IN-TN",
        "postcode": "606200",
        "country": "India",
        "country_code": "in"
      }
    },
    {
      "district": "Kallakurichi",
      "name": "Chinnasalem",
      "display_name": "Chinnasalem, Kallakkurichi, Kallakurichi, Tamil Nadu, 606201, India",
      "lat": "11.6354866",
      "lon": "78.8809891",
      "raw_addr": {
        "town": "Chinnasalem",
        "county": "Kallakkurichi",
        "state_district": "Kallakurichi",
        "state": "Tamil Nadu",
        "ISO3166-2-lvl4": "IN-TN",
        "postcode": "606201",
        "country": "India",
        "country_code": "in"
      }
    },
    {
      "district": "Kallakurichi",
      "name": "Ulundurpet",
      "display_name": "Ulundurpet, Grand Southern Trunk Road (Old NH45), Ulundurpettai, Kallakurichi, Tamil Nadu, 606107, India",
      "lat": "11.7020294",
      "lon": "79.3181777",
      "raw_addr": {
        "railway": "Ulundurpet",
        "road": "Grand Southern Trunk Road (Old NH45)",
        "county": "Ulundurpettai",
        "state_district": "Kallakurichi",
        "state": "Tamil Nadu",
        "ISO3166-2-lvl4": "IN-TN",
        "postcode": "606107",
        "country": "India",
        "country_code": "in"
      }
    },
    {
      "district": "Kancheepuram",
      "name": "Kancheepuram",
      "display_name": "Myunghwa Automotive India, Kancheepuram, Kanchipuram, Tamil Nadu, India",
      "lat": "12.8821100",
      "lon": "79.8063903",
      "raw_addr": {
        "industrial": "Myunghwa Automotive India",
        "municipality": "Kancheepuram",
        "district": "Kanchipuram",
        "state": "Tamil Nadu",
        "ISO3166-2-lvl4": "IN-TN",
        "country": "India",
        "country_code": "in"
      }
    },
    {
      "district": "Kanyakumari",
      "name": "Nagercoil",
      "display_name": "Nagercoil - Kanniyakumari mainline, Salem - Kochi - Kanyakumari Road, Agasteeswaram, Agastheeswaram, Panchalingapuram, Agastheeswaram, Kanniyakumari, Tamil Nadu, 629702, India",
      "lat": "8.0904888",
      "lon": "77.5309071",
      "raw_addr": {
        "railway": "Nagercoil - Kanniyakumari mainline",
        "road": "Salem - Kochi - Kanyakumari Road",
        "hamlet": "Agasteeswaram",
        "city_district": "Agastheeswaram",
        "village": "Panchalingapuram",
        "county": "Agastheeswaram",
        "state_district": "Kanniyakumari",
        "state": "Tamil Nadu",
        "ISO3166-2-lvl4": "IN-TN",
        "postcode": "629702",
        "country": "India",
        "country_code": "in"
      }
    },
    {
      "district": "Kanyakumari",
      "name": "Kanyakumari",
      "display_name": "Salem - Kochi - Kanyakumari Road, Kundal, Agastheeswaram, Kanyakumari, Agastheeswaram, Kanniyakumari, Tamil Nadu, 629702, India",
      "lat": "8.0849595",
      "lon": "77.5391985",
      "raw_addr": {
        "road": "Salem - Kochi - Kanyakumari Road",
        "suburb": "Kundal",
        "city_district": "Agastheeswaram",
        "town": "Kanyakumari",
        "county": "Agastheeswaram",
        "state_district": "Kanniyakumari",
        "state": "Tamil Nadu",
        "ISO3166-2-lvl4": "IN-TN",
        "postcode": "629702",
        "country": "India",
        "country_code": "in"
      }
    },
    {
      "district": "Kanyakumari",
      "name": "Marthandam",
      "display_name": "Marthandam - Pechiparai Road, Thiruvattar, Attoor, Kalkulam, Kanniyakumari, Tamil Nadu, 629179, India",
      "lat": "8.3122492",
      "lon": "77.2473348",
      "raw_addr": {
        "road": "Marthandam - Pechiparai Road",
        "city_district": "Thiruvattar",
        "village": "Attoor",
        "county": "Kalkulam",
        "state_district": "Kanniyakumari",
        "state": "Tamil Nadu",
        "ISO3166-2-lvl4": "IN-TN",
        "postcode": "629179",
        "country": "India",
        "country_code": "in"
      }
    },
    {
      "district": "Karur",
      "name": "Karur",
      "display_name": "Karur, Tamil Nadu, India",
      "lat": "10.9596041",
      "lon": "78.0807797",
      "raw_addr": {
        "city": "Karur",
        "county": "Karur",
        "state_district": "Karur",
        "state": "Tamil Nadu",
        "ISO3166-2-lvl4": "IN-TN",
        "country": "India",
        "country_code": "in"
      }
    },
    {
      "district": "Karur",
      "name": "Kulithalai",
      "display_name": "Kulithalai, Karur, Tamil Nadu, India",
      "lat": "10.8154548",
      "lon": "78.4881255",
      "raw_addr": {
        "county": "Kulithalai",
        "state_district": "Karur",
        "state": "Tamil Nadu",
        "ISO3166-2-lvl4": "IN-TN",
        "country": "India",
        "country_code": "in"
      }
    },
    {
      "district": "Krishnagiri",
      "name": "Krishnagiri",
      "display_name": "Krishnagiri, Tamil Nadu, India",
      "lat": "12.5732816",
      "lon": "78.1927583",
      "raw_addr": {
        "county": "Krishnagiri",
        "state_district": "Krishnagiri",
        "state": "Tamil Nadu",
        "ISO3166-2-lvl4": "IN-TN",
        "country": "India",
        "country_code": "in"
      }
    },
    {
      "district": "Krishnagiri",
      "name": "Hosur",
      "display_name": "Hosur, Railway Station Road, Hosur, Krishnagiri, Tamil Nadu, 635109, India",
      "lat": "12.7183361",
      "lon": "77.8229481",
      "raw_addr": {
        "railway": "Hosur",
        "road": "Railway Station Road",
        "city": "Hosur",
        "county": "Hosur",
        "state_district": "Krishnagiri",
        "state": "Tamil Nadu",
        "ISO3166-2-lvl4": "IN-TN",
        "postcode": "635109",
        "country": "India",
        "country_code": "in"
      }
    },
    {
      "district": "Krishnagiri",
      "name": "Denkanikottai",
      "display_name": "Denkanikottai, Krishnagiri, Tamil Nadu, 635107, India",
      "lat": "12.5270880",
      "lon": "77.7926230",
      "raw_addr": {
        "town": "Denkanikottai",
        "county": "Denkanikottai",
        "state_district": "Krishnagiri",
        "state": "Tamil Nadu",
        "ISO3166-2-lvl4": "IN-TN",
        "postcode": "635107",
        "country": "India",
        "country_code": "in"
      }
    },
    {
      "district": "Madurai",
      "name": "Madurai",
      "display_name": "Madurai, Madurai South, Madurai, Tamil Nadu, India",
      "lat": "9.9261153",
      "lon": "78.1140983",
      "raw_addr": {
        "city": "Madurai",
        "county": "Madurai South",
        "state_district": "Madurai",
        "state": "Tamil Nadu",
        "ISO3166-2-lvl4": "IN-TN",
        "country": "India",
        "country_code": "in"
      }
    },
    {
      "district": "Madurai",
      "name": "Melur",
      "display_name": "Melur, Madurai, Tamil Nadu, India",
      "lat": "10.0858443",
      "lon": "78.3560235",
      "raw_addr": {
        "county": "Melur",
        "state_district": "Madurai",
        "state": "Tamil Nadu",
        "ISO3166-2-lvl4": "IN-TN",
        "country": "India",
        "country_code": "in"
      }
    },
    {
      "district": "Madurai",
      "name": "Thiruparankundram",
      "display_name": "Thiruparankundram, Pamban Nagar Colony, Madurai, Madurai South, Madurai, Tamil Nadu, 625005, India",
      "lat": "9.8815991",
      "lon": "78.0722379",
      "raw_addr": {
        "suburb": "Thiruparankundram",
        "village": "Pamban Nagar Colony",
        "city": "Madurai",
        "county": "Madurai South",
        "state_district": "Madurai",
        "state": "Tamil Nadu",
        "ISO3166-2-lvl4": "IN-TN",
        "postcode": "625005",
        "country": "India",
        "country_code": "in"
      }
    },
    {
      "district": "Mayiladuthurai",
      "name": "Mayiladuthurai",
      "display_name": "Mayiladuthurai, Tamil Nadu, 609129, India",
      "lat": "11.1018614",
      "lon": "79.6503162",
      "raw_addr": {
        "town": "Mayiladuthurai",
        "county": "Mayiladuthurai",
        "state_district": "Mayiladuthurai",
        "state": "Tamil Nadu",
        "ISO3166-2-lvl4": "IN-TN",
        "postcode": "609129",
        "country": "India",
        "country_code": "in"
      }
    },
    {
      "district": "Mayiladuthurai",
      "name": "Sirkazhi",
      "display_name": "Sirkazhi, Sirkali, Mayiladuthurai, Tamil Nadu, 609100, India",
      "lat": "11.2377794",
      "lon": "79.7395752",
      "raw_addr": {
        "town": "Sirkazhi",
        "county": "Sirkali",
        "state_district": "Mayiladuthurai",
        "state": "Tamil Nadu",
        "ISO3166-2-lvl4": "IN-TN",
        "postcode": "609100",
        "country": "India",
        "country_code": "in"
      }
    },
    {
      "district": "Nagapattinam",
      "name": "Nagapattinam",
      "display_name": "Nagapattinam, Tamil Nadu, 611001, India",
      "lat": "10.7647952",
      "lon": "79.8430779",
      "raw_addr": {
        "town": "Nagapattinam",
        "county": "Nagapattinam",
        "state_district": "Nagapattinam",
        "state": "Tamil Nadu",
        "ISO3166-2-lvl4": "IN-TN",
        "postcode": "611001",
        "country": "India",
        "country_code": "in"
      }
    },
    {
      "district": "Nagapattinam",
      "name": "Velankanni",
      "display_name": "Velankanni, Velanganni Church Road, Pilgrim quarters, Periyanayaki, Velankanni, Kilvelur, Nagapattinam, Tamil Nadu, 611111, India",
      "lat": "10.6868771",
      "lon": "79.8461807",
      "raw_addr": {
        "railway": "Velankanni",
        "road": "Velanganni Church Road",
        "quarter": "Pilgrim quarters",
        "hamlet": "Periyanayaki",
        "town": "Velankanni",
        "county": "Kilvelur",
        "state_district": "Nagapattinam",
        "state": "Tamil Nadu",
        "ISO3166-2-lvl4": "IN-TN",
        "postcode": "611111",
        "country": "India",
        "country_code": "in"
      }
    },
    {
      "district": "Namakkal",
      "name": "Namakkal",
      "display_name": "Namakkal, Tamil Nadu, 637001, India",
      "lat": "11.2191692",
      "lon": "78.1678700",
      "raw_addr": {
        "town": "Namakkal",
        "county": "Namakkal",
        "state_district": "Namakkal",
        "state": "Tamil Nadu",
        "ISO3166-2-lvl4": "IN-TN",
        "postcode": "637001",
        "country": "India",
        "country_code": "in"
      }
    },
    {
      "district": "Namakkal",
      "name": "Rasipuram",
      "display_name": "Rasipuram, Railway Station Rd, Rasipuram, Namakkal, Tamil Nadu, 637408, India",
      "lat": "11.4537338",
      "lon": "78.1784576",
      "raw_addr": {
        "railway": "Rasipuram",
        "road": "Railway Station Rd",
        "town": "Rasipuram",
        "county": "Rasipuram",
        "state_district": "Namakkal",
        "state": "Tamil Nadu",
        "ISO3166-2-lvl4": "IN-TN",
        "postcode": "637408",
        "country": "India",
        "country_code": "in"
      }
    },
    {
      "district": "Namakkal",
      "name": "Tiruchengode",
      "display_name": "Tiruchengodu, Tiruchengode, Namakkal, Tamil Nadu, 637200, India",
      "lat": "11.3786608",
      "lon": "77.8949223",
      "raw_addr": {
        "town": "Tiruchengodu",
        "county": "Tiruchengode",
        "state_district": "Namakkal",
        "state": "Tamil Nadu",
        "ISO3166-2-lvl4": "IN-TN",
        "postcode": "637200",
        "country": "India",
        "country_code": "in"
      }
    },
    {
      "district": "Nilgiris",
      "name": "Ooty",
      "display_name": "Udhagamandalam, Nilgiris, Tamil Nadu, 643001, India",
      "lat": "11.4126769",
      "lon": "76.7030504",
      "raw_addr": {
        "town": "Udhagamandalam",
        "county": "Udhagamandalam",
        "state_district": "Nilgiris",
        "state": "Tamil Nadu",
        "ISO3166-2-lvl4": "IN-TN",
        "postcode": "643001",
        "country": "India",
        "country_code": "in"
      }
    },
    {
      "district": "Nilgiris",
      "name": "Coonoor",
      "display_name": "Coonoor, Nilgiris, Tamil Nadu, 643101, India",
      "lat": "11.3459447",
      "lon": "76.7965283",
      "raw_addr": {
        "town": "Coonoor",
        "county": "Coonoor",
        "state_district": "Nilgiris",
        "state": "Tamil Nadu",
        "ISO3166-2-lvl4": "IN-TN",
        "postcode": "643101",
        "country": "India",
        "country_code": "in"
      }
    },
    {
      "district": "Nilgiris",
      "name": "Kotagiri",
      "display_name": "Kotagiri, Nilgiris, Tamil Nadu, 643217, India",
      "lat": "11.4230431",
      "lon": "76.8658211",
      "raw_addr": {
        "town": "Kotagiri",
        "county": "Kotagiri",
        "state_district": "Nilgiris",
        "state": "Tamil Nadu",
        "ISO3166-2-lvl4": "IN-TN",
        "postcode": "643217",
        "country": "India",
        "country_code": "in"
      }
    },
    {
      "district": "Perambalur",
      "name": "Perambalur",
      "display_name": "Perambalur, Tamil Nadu, India",
      "lat": "11.2356695",
      "lon": "78.8688353",
      "raw_addr": {
        "town": "Perambalur",
        "county": "Perambalur",
        "state_district": "Perambalur",
        "state": "Tamil Nadu",
        "ISO3166-2-lvl4": "IN-TN",
        "country": "India",
        "country_code": "in"
      }
    },
    {
      "district": "Pudukkottai",
      "name": "Pudukkottai",
      "display_name": "Pudukkottai, Pudukkottai taluk, Pudukkottai, Tamil Nadu, India",
      "lat": "10.3826515",
      "lon": "78.8191259",
      "raw_addr": {
        "town": "Pudukkottai",
        "county": "Pudukkottai taluk",
        "state_district": "Pudukkottai",
        "state": "Tamil Nadu",
        "ISO3166-2-lvl4": "IN-TN",
        "country": "India",
        "country_code": "in"
      }
    },
    {
      "district": "Pudukkottai",
      "name": "Aranthangi",
      "display_name": "Aranthangi, Aranthangi taluk, Pudukkottai, Tamil Nadu, 614616, India",
      "lat": "10.1686451",
      "lon": "78.9927909",
      "raw_addr": {
        "town": "Aranthangi",
        "county": "Aranthangi taluk",
        "state_district": "Pudukkottai",
        "state": "Tamil Nadu",
        "ISO3166-2-lvl4": "IN-TN",
        "postcode": "614616",
        "country": "India",
        "country_code": "in"
      }
    },
    {
      "district": "Ramanathapuram",
      "name": "Ramanathapuram",
      "display_name": "Ramanathapuram, Cochin – Madurai - Dhanushkodi Road (Old NH49), Ramanathapuram, Tamil Nadu, 623500, India",
      "lat": "9.3588632",
      "lon": "78.8375276",
      "raw_addr": {
        "railway": "Ramanathapuram",
        "road": "Cochin – Madurai - Dhanushkodi Road (Old NH49)",
        "town": "Ramanathapuram",
        "county": "Ramanathapuram",
        "state_district": "Ramanathapuram",
        "state": "Tamil Nadu",
        "ISO3166-2-lvl4": "IN-TN",
        "postcode": "623500",
        "country": "India",
        "country_code": "in"
      }
    },
    {
      "district": "Ramanathapuram",
      "name": "Paramakudi",
      "display_name": "Paramakudi, Ramanathapuram, Tamil Nadu, India",
      "lat": "9.4867151",
      "lon": "78.6722718",
      "raw_addr": {
        "county": "Paramakudi",
        "state_district": "Ramanathapuram",
        "state": "Tamil Nadu",
        "ISO3166-2-lvl4": "IN-TN",
        "country": "India",
        "country_code": "in"
      }
    },
    {
      "district": "Ramanathapuram",
      "name": "Rameswaram",
      "display_name": "Rameswaram, Ramanathapuram, Tamil Nadu, 623526, India",
      "lat": "9.2844657",
      "lon": "79.3125553",
      "raw_addr": {
        "town": "Rameswaram",
        "county": "Rameswaram",
        "state_district": "Ramanathapuram",
        "state": "Tamil Nadu",
        "ISO3166-2-lvl4": "IN-TN",
        "postcode": "623526",
        "country": "India",
        "country_code": "in"
      }
    },
    {
      "district": "Ranipet",
      "name": "Ranipet",
      "display_name": "Ranipet, Wallajah, Ranipet, Tamil Nadu, 632401, India",
      "lat": "12.9292452",
      "lon": "79.3321712",
      "raw_addr": {
        "town": "Ranipet",
        "county": "Wallajah",
        "state_district": "Ranipet",
        "state": "Tamil Nadu",
        "ISO3166-2-lvl4": "IN-TN",
        "postcode": "632401",
        "country": "India",
        "country_code": "in"
      }
    },
    {
      "district": "Ranipet",
      "name": "Arcot",
      "display_name": "Arcot, Ranipet, Tamil Nadu, India",
      "lat": "12.9078949",
      "lon": "79.3203930",
      "raw_addr": {
        "town": "Arcot",
        "county": "Arcot",
        "state_district": "Ranipet",
        "state": "Tamil Nadu",
        "ISO3166-2-lvl4": "IN-TN",
        "country": "India",
        "country_code": "in"
      }
    },
    {
      "district": "Ranipet",
      "name": "Walaja",
      "display_name": "Walaja Road, Walajapet, Wallajah, Ranipet, Tamil Nadu, 632513, India",
      "lat": "12.9356281",
      "lon": "79.3673291",
      "raw_addr": {
        "road": "Walaja Road",
        "town": "Walajapet",
        "county": "Wallajah",
        "state_district": "Ranipet",
        "state": "Tamil Nadu",
        "ISO3166-2-lvl4": "IN-TN",
        "postcode": "632513",
        "country": "India",
        "country_code": "in"
      }
    },
    {
      "district": "Salem",
      "name": "Salem",
      "display_name": "Salem, Tamil Nadu, India",
      "lat": "11.6551982",
      "lon": "78.1581771",
      "raw_addr": {
        "city": "Salem",
        "state_district": "Salem",
        "state": "Tamil Nadu",
        "ISO3166-2-lvl4": "IN-TN",
        "country": "India",
        "country_code": "in"
      }
    },
    {
      "district": "Salem",
      "name": "Attur",
      "display_name": "Attur, Salem, Tamil Nadu, 636108, India",
      "lat": "11.5995411",
      "lon": "78.5962711",
      "raw_addr": {
        "town": "Attur",
        "county": "Attur",
        "state_district": "Salem",
        "state": "Tamil Nadu",
        "ISO3166-2-lvl4": "IN-TN",
        "postcode": "636108",
        "country": "India",
        "country_code": "in"
      }
    },
    {
      "district": "Salem",
      "name": "Mettur",
      "display_name": "Mettur, Salem, Tamil Nadu, India",
      "lat": "11.7928257",
      "lon": "77.8648624",
      "raw_addr": {
        "county": "Mettur",
        "state_district": "Salem",
        "state": "Tamil Nadu",
        "ISO3166-2-lvl4": "IN-TN",
        "country": "India",
        "country_code": "in"
      }
    },
    {
      "district": "Sivagangai",
      "name": "Sivagangai",
      "display_name": "Ramanathapuram - Nainarkoil - Andakudi - Ilayangudi - Sivagangai - Melur Road, Sivaganga, Sivagangai, Tamil Nadu, India",
      "lat": "9.7889642",
      "lon": "78.5174665",
      "raw_addr": {
        "road": "Ramanathapuram - Nainarkoil - Andakudi - Ilayangudi - Sivagangai - Melur Road",
        "county": "Sivaganga",
        "state_district": "Sivagangai",
        "state": "Tamil Nadu",
        "ISO3166-2-lvl4": "IN-TN",
        "country": "India",
        "country_code": "in"
      }
    },
    {
      "district": "Sivagangai",
      "name": "Karaikudi",
      "display_name": "Karaikudi, Karaikkudi, Sivagangai, Tamil Nadu, 623001, India",
      "lat": "10.0728444",
      "lon": "78.7795194",
      "raw_addr": {
        "city": "Karaikudi",
        "county": "Karaikkudi",
        "state_district": "Sivagangai",
        "state": "Tamil Nadu",
        "ISO3166-2-lvl4": "IN-TN",
        "postcode": "623001",
        "country": "India",
        "country_code": "in"
      }
    },
    {
      "district": "Tenkasi",
      "name": "Tenkasi",
      "display_name": "Tenkasi, Tamil Nadu, India",
      "lat": "9.0318958",
      "lon": "77.3653612",
      "raw_addr": {
        "county": "Tenkasi",
        "state_district": "Tenkasi",
        "state": "Tamil Nadu",
        "ISO3166-2-lvl4": "IN-TN",
        "country": "India",
        "country_code": "in"
      }
    },
    {
      "district": "Tenkasi",
      "name": "Courtallam",
      "display_name": "Courtallam, Tenkasi, Tamil Nadu, 627802, India",
      "lat": "8.9328828",
      "lon": "77.2714628",
      "raw_addr": {
        "village": "Courtallam",
        "county": "Tenkasi",
        "state_district": "Tenkasi",
        "state": "Tamil Nadu",
        "ISO3166-2-lvl4": "IN-TN",
        "postcode": "627802",
        "country": "India",
        "country_code": "in"
      }
    },
    {
      "district": "Thanjavur",
      "name": "Thanjavur",
      "display_name": "Thanjavur, Tamil Nadu, 613001, India",
      "lat": "10.7860267",
      "lon": "79.1381497",
      "raw_addr": {
        "city": "Thanjavur",
        "county": "Thanjavur",
        "state_district": "Thanjavur",
        "state": "Tamil Nadu",
        "ISO3166-2-lvl4": "IN-TN",
        "postcode": "613001",
        "country": "India",
        "country_code": "in"
      }
    },
    {
      "district": "Thanjavur",
      "name": "Pattukkottai",
      "display_name": "Pattukkottai, Pattukkottai - Adirampattinam Road, Pattukkottai, Thanjavur, Tamil Nadu, 614602, India",
      "lat": "10.4162901",
      "lon": "79.3205603",
      "raw_addr": {
        "railway": "Pattukkottai",
        "road": "Pattukkottai - Adirampattinam Road",
        "town": "Pattukkottai",
        "county": "Pattukkottai",
        "state_district": "Thanjavur",
        "state": "Tamil Nadu",
        "ISO3166-2-lvl4": "IN-TN",
        "postcode": "614602",
        "country": "India",
        "country_code": "in"
      }
    },
    {
      "district": "Theni",
      "name": "Theni",
      "display_name": "Theni, Tamil Nadu, India",
      "lat": "10.0108143",
      "lon": "77.4810104",
      "raw_addr": {
        "town": "Theni",
        "county": "Theni",
        "state_district": "Theni",
        "state": "Tamil Nadu",
        "ISO3166-2-lvl4": "IN-TN",
        "country": "India",
        "country_code": "in"
      }
    },
    {
      "district": "Theni",
      "name": "Cumbum",
      "display_name": "Cumbum, Uthamapalayam, Theni, Tamil Nadu, 625516, India",
      "lat": "9.7394057",
      "lon": "77.2853013",
      "raw_addr": {
        "town": "Cumbum",
        "county": "Uthamapalayam",
        "state_district": "Theni",
        "state": "Tamil Nadu",
        "ISO3166-2-lvl4": "IN-TN",
        "postcode": "625516",
        "country": "India",
        "country_code": "in"
      }
    },
    {
      "district": "Thoothukudi",
      "name": "Thoothukudi",
      "display_name": "Thoothukudi, Thoothukkudi, Thoothukudi, Tamil Nadu, 628001, India",
      "lat": "8.8052602",
      "lon": "78.1452745",
      "raw_addr": {
        "city": "Thoothukudi",
        "county": "Thoothukkudi",
        "state_district": "Thoothukudi",
        "state": "Tamil Nadu",
        "ISO3166-2-lvl4": "IN-TN",
        "postcode": "628001",
        "country": "India",
        "country_code": "in"
      }
    },
    {
      "district": "Thoothukudi",
      "name": "Kovilpatti",
      "display_name": "Kovilpatti, Thoothukudi, Tamil Nadu, India",
      "lat": "9.1755900",
      "lon": "77.8687000",
      "raw_addr": {
        "town": "Kovilpatti",
        "county": "Kovilpatti",
        "state_district": "Thoothukudi",
        "state": "Tamil Nadu",
        "ISO3166-2-lvl4": "IN-TN",
        "country": "India",
        "country_code": "in"
      }
    },
    {
      "district": "Thoothukudi",
      "name": "Tiruchendur",
      "display_name": "Tiruchendur, Thoothukudi, Tamil Nadu, 628200, India",
      "lat": "8.4955680",
      "lon": "78.1233240",
      "raw_addr": {
        "town": "Tiruchendur",
        "county": "Tiruchendur",
        "state_district": "Thoothukudi",
        "state": "Tamil Nadu",
        "ISO3166-2-lvl4": "IN-TN",
        "postcode": "628200",
        "country": "India",
        "country_code": "in"
      }
    },
    {
      "district": "Tiruchirappalli",
      "name": "Trichy",
      "display_name": "Tiruchirappalli, Tiruchchirāppalli, Tiruchirappalli, Tamil Nadu, India",
      "lat": "10.8071144",
      "lon": "78.6880939",
      "raw_addr": {
        "city": "Tiruchirappalli",
        "county": "Tiruchchirāppalli",
        "state_district": "Tiruchirappalli",
        "state": "Tamil Nadu",
        "ISO3166-2-lvl4": "IN-TN",
        "country": "India",
        "country_code": "in"
      }
    },
    {
      "district": "Tiruchirappalli",
      "name": "Srirangam",
      "display_name": "Srirangam, Trichy Zone I, Trichy Corporation Limits, Srirangam, Tiruchirappalli, Tamil Nadu, 620006, India",
      "lat": "10.8573308",
      "lon": "78.6930848",
      "raw_addr": {
        "suburb": "Srirangam",
        "city_district": "Trichy Corporation Limits",
        "county": "Srirangam",
        "state_district": "Tiruchirappalli",
        "state": "Tamil Nadu",
        "ISO3166-2-lvl4": "IN-TN",
        "postcode": "620006",
        "country": "India",
        "country_code": "in"
      }
    },
    {
      "district": "Tiruchirappalli",
      "name": "Manaparai",
      "display_name": "Manaparai, ODR, Ponmuchanti, Manapparai, Tiruchirappalli, Tamil Nadu, 621306, India",
      "lat": "10.6073393",
      "lon": "78.4181106",
      "raw_addr": {
        "railway": "Manaparai",
        "road": "ODR",
        "suburb": "Ponmuchanti",
        "town": "Manapparai",
        "county": "Manapparai",
        "state_district": "Tiruchirappalli",
        "state": "Tamil Nadu",
        "ISO3166-2-lvl4": "IN-TN",
        "postcode": "621306",
        "country": "India",
        "country_code": "in"
      }
    },
    {
      "district": "Tirunelveli",
      "name": "Tirunelveli",
      "display_name": "Tirunelveli, Tamil Nadu, 627001, India",
      "lat": "8.7284271",
      "lon": "77.7112925",
      "raw_addr": {
        "city": "Tirunelveli",
        "county": "Tirunelveli",
        "state_district": "Tirunelveli",
        "state": "Tamil Nadu",
        "ISO3166-2-lvl4": "IN-TN",
        "postcode": "627001",
        "country": "India",
        "country_code": "in"
      }
    },
    {
      "district": "Tirunelveli",
      "name": "Ambasamudram",
      "display_name": "Ambasamudram, Railway station Road, Ambasamudram, Tirunelveli, Tamil Nadu, 627400, India",
      "lat": "8.7082538",
      "lon": "77.4382732",
      "raw_addr": {
        "railway": "Ambasamudram",
        "road": "Railway station Road",
        "town": "Ambasamudram",
        "county": "Ambasamudram",
        "state_district": "Tirunelveli",
        "state": "Tamil Nadu",
        "ISO3166-2-lvl4": "IN-TN",
        "postcode": "627400",
        "country": "India",
        "country_code": "in"
      }
    },
    {
      "district": "Tirunelveli",
      "name": "Palayamkottai",
      "display_name": "Palayamkottai, Tirunelveli, Tamil Nadu, India",
      "lat": "8.7196520",
      "lon": "77.7644324",
      "raw_addr": {
        "county": "Palayamkottai",
        "state_district": "Tirunelveli",
        "state": "Tamil Nadu",
        "ISO3166-2-lvl4": "IN-TN",
        "country": "India",
        "country_code": "in"
      }
    },
    {
      "district": "Tirupattur",
      "name": "Tirupattur",
      "display_name": "Tirupattur, Sama Nagar, Tirupattur, Tirupathur, Tirupattur, Tamil Nadu, 635600, India",
      "lat": "12.4983561",
      "lon": "78.5618167",
      "raw_addr": {
        "railway": "Tirupattur",
        "road": "Sama Nagar",
        "town": "Tirupattur",
        "county": "Tirupathur",
        "state_district": "Tirupattur",
        "state": "Tamil Nadu",
        "ISO3166-2-lvl4": "IN-TN",
        "postcode": "635600",
        "country": "India",
        "country_code": "in"
      }
    },
    {
      "district": "Tirupattur",
      "name": "Jolarpettai",
      "display_name": "Jolarpet, Tirupathur, Tirupattur, Tamil Nadu, 635851, India",
      "lat": "12.5643214",
      "lon": "78.5797192",
      "raw_addr": {
        "town": "Jolarpet",
        "county": "Tirupathur",
        "state_district": "Tirupattur",
        "state": "Tamil Nadu",
        "ISO3166-2-lvl4": "IN-TN",
        "postcode": "635851",
        "country": "India",
        "country_code": "in"
      }
    },
    {
      "district": "Tiruppur",
      "name": "Tiruppur",
      "display_name": "Tiruppur, Tiruppur South, Tiruppur, Tamil Nadu, 638600, India",
      "lat": "11.1017815",
      "lon": "77.3451920",
      "raw_addr": {
        "city": "Tiruppur",
        "county": "Tiruppur South",
        "state_district": "Tiruppur",
        "state": "Tamil Nadu",
        "ISO3166-2-lvl4": "IN-TN",
        "postcode": "638600",
        "country": "India",
        "country_code": "in"
      }
    },
    {
      "district": "Tiruppur",
      "name": "Avinashi",
      "display_name": "Avinashi, Avanashi, Tiruppur, Tamil Nadu, 641654, India",
      "lat": "11.1907212",
      "lon": "77.2668790",
      "raw_addr": {
        "town": "Avinashi",
        "county": "Avanashi",
        "state_district": "Tiruppur",
        "state": "Tamil Nadu",
        "ISO3166-2-lvl4": "IN-TN",
        "postcode": "641654",
        "country": "India",
        "country_code": "in"
      }
    },
    {
      "district": "Tiruvallur",
      "name": "Tiruvallur",
      "display_name": "Tiruvallur, Thiruvallur, Tamil Nadu, 602001, India",
      "lat": "13.1394221",
      "lon": "79.9070839",
      "raw_addr": {
        "town": "Tiruvallur",
        "county": "Thiruvallur",
        "state_district": "Thiruvallur",
        "state": "Tamil Nadu",
        "ISO3166-2-lvl4": "IN-TN",
        "postcode": "602001",
        "country": "India",
        "country_code": "in"
      }
    },
    {
      "district": "Tiruvallur",
      "name": "Avadi",
      "display_name": "Kovilpadagai Main Road, Bangarupet, Ambattur, Thiruvallur, Tamil Nadu, 600055, India",
      "lat": "13.1956527",
      "lon": "80.0875970",
      "raw_addr": {
        "road": "Kovilpadagai Main Road",
        "village": "Bangarupet",
        "county": "Ambattur",
        "state_district": "Thiruvallur",
        "state": "Tamil Nadu",
        "ISO3166-2-lvl4": "IN-TN",
        "postcode": "600055",
        "country": "India",
        "country_code": "in"
      }
    },
    {
      "district": "Tiruvannamalai",
      "name": "Tiruvannamalai",
      "display_name": "Tiruvannamalai, Tamil Nadu, India",
      "lat": "12.2343228",
      "lon": "79.0761989",
      "raw_addr": {
        "town": "Tiruvannamalai",
        "county": "Tiruvannamalai",
        "state_district": "Tiruvannamalai",
        "state": "Tamil Nadu",
        "ISO3166-2-lvl4": "IN-TN",
        "country": "India",
        "country_code": "in"
      }
    },
    {
      "district": "Tiruvannamalai",
      "name": "Arni",
      "display_name": "Arani, Tiruvannamalai, Tamil Nadu, 632300, India",
      "lat": "12.6677023",
      "lon": "79.2852831",
      "raw_addr": {
        "town": "Arani",
        "county": "Arani",
        "state_district": "Tiruvannamalai",
        "state": "Tamil Nadu",
        "ISO3166-2-lvl4": "IN-TN",
        "postcode": "632300",
        "country": "India",
        "country_code": "in"
      }
    },
    {
      "district": "Tiruvarur",
      "name": "Tiruvarur",
      "display_name": "Tiruvarur Medical Centre, Tiruvarur - Kodavasal - Kumbakonam Road, Manalmedu, Thiruvarur, Tamil Nadu, 610001, India",
      "lat": "10.7745978",
      "lon": "79.6279725",
      "raw_addr": {
        "amenity": "Tiruvarur Medical Centre",
        "road": "Tiruvarur - Kodavasal - Kumbakonam Road",
        "hamlet": "Manalmedu",
        "town": "Thiruvarur",
        "county": "Thiruvarur",
        "state_district": "Thiruvarur",
        "state": "Tamil Nadu",
        "ISO3166-2-lvl4": "IN-TN",
        "postcode": "610001",
        "country": "India",
        "country_code": "in"
      }
    },
    {
      "district": "Vellore",
      "name": "Vellore",
      "display_name": "Vellore, Tamil Nadu, 632012, India",
      "lat": "12.9071753",
      "lon": "79.1309695",
      "raw_addr": {
        "city": "Vellore",
        "county": "Vellore",
        "state_district": "Vellore",
        "state": "Tamil Nadu",
        "ISO3166-2-lvl4": "IN-TN",
        "postcode": "632012",
        "country": "India",
        "country_code": "in"
      }
    },
    {
      "district": "Vellore",
      "name": "Katpadi",
      "display_name": "Katpadi, Vellore, Tamil Nadu, India",
      "lat": "13.0435051",
      "lon": "79.2404096",
      "raw_addr": {
        "county": "Katpadi",
        "state_district": "Vellore",
        "state": "Tamil Nadu",
        "ISO3166-2-lvl4": "IN-TN",
        "country": "India",
        "country_code": "in"
      }
    },
    {
      "district": "Viluppuram",
      "name": "Viluppuram",
      "display_name": "Viluppuram, Tamil Nadu, India",
      "lat": "11.9137874",
      "lon": "79.5078930",
      "raw_addr": {
        "county": "Viluppuram",
        "state_district": "Viluppuram",
        "state": "Tamil Nadu",
        "ISO3166-2-lvl4": "IN-TN",
        "country": "India",
        "country_code": "in"
      }
    },
    {
      "district": "Viluppuram",
      "name": "Tindivanam",
      "display_name": "Tindivanam, Rajaji Street, Tindivanam, Viluppuram, Tamil Nadu, 604001, India",
      "lat": "12.2291607",
      "lon": "79.6515314",
      "raw_addr": {
        "railway": "Tindivanam",
        "road": "Rajaji Street",
        "town": "Tindivanam",
        "county": "Tindivanam",
        "state_district": "Viluppuram",
        "state": "Tamil Nadu",
        "ISO3166-2-lvl4": "IN-TN",
        "postcode": "604001",
        "country": "India",
        "country_code": "in"
      }
    },
    {
      "district": "Virudhunagar",
      "name": "Virudhunagar",
      "display_name": "Virudhunagar, Tamil Nadu, India",
      "lat": "9.5208936",
      "lon": "77.8784564",
      "raw_addr": {
        "county": "Virudhunagar",
        "state_district": "Virudhunagar",
        "state": "Tamil Nadu",
        "ISO3166-2-lvl4": "IN-TN",
        "country": "India",
        "country_code": "in"
      }
    },
    {
      "district": "Virudhunagar",
      "name": "Sivakasi",
      "display_name": "Sivakasi, Virudhunagar, Tamil Nadu, 626123, India",
      "lat": "9.4508300",
      "lon": "77.7976686",
      "raw_addr": {
        "city": "Sivakasi",
        "county": "Sivakasi",
        "state_district": "Virudhunagar",
        "state": "Tamil Nadu",
        "ISO3166-2-lvl4": "IN-TN",
        "postcode": "626123",
        "country": "India",
        "country_code": "in"
      }
    }
  ]
}